{"cameraMode":{"drawMode":0,"name":"Shaded","section":"Shading Mode"},"sceneLighting":true,"audioPlay":false,"sceneViewState":{"m_AlwaysRefresh":false,"showFog":true,"showSkybox":true,"showFlares":true,"showImageEffects":true,"showParticleSystems":true,"showVisualEffectGraphs":true,"m_FxEnabled":true},"in2DMode":false,"pivot":{"x":-3.091374397277832,"y":4.48988151550293,"z":0.2593967914581299},"rotation":{"x":0.14771783351898194,"y":0.08476231247186661,"z":-0.012697421945631504,"w":0.9853258728981018},"size":7.3523173332214359,"orthographic":false}